{
    "Modules": {
        "...MASTER...": {
            "start_perf": [
                0.32083797454833984,
                0.10585700000000001,
                0.061837000000000003,
                276608,
                289164,
                1753779480.9838569,
                51640135272129158
            ],
            "child_modules": {
                "tb": 1,
                "std": 1
            },
            "end_perf": [
                0.33951807022094727,
                0.105902,
                0.067487000000000005,
                278040,
                289164,
                51640135329914956,
                0,
                0
            ],
            "nQuads": 0,
            "nMops": 0,
            "nRouts": 5
        },
        "tb": {
            "Compiled": "Yes",
            "start_perf": [
                0.35215306282043457,
                0.110405,
                0.070164000000000004,
                278072,
                289164,
                1753779481.015172,
                51640135368924488
            ],
            "Compiled Times": 9,
            "child_modules": {},
            "end_perf": [
                0.38361811637878418,
                0.13283800000000001,
                0.072081999999999993,
                281904,
                289164,
                51640135466255300,
                17179869185,
                0
            ],
            "nQuads": 584,
            "nMops": 1153,
            "nRouts": 76
        },
        "std": {
            "Compiled": "Yes",
            "start_perf": [
                0.3397209644317627,
                0.106017,
                0.067559999999999995,
                278040,
                289164,
                1753779481.0027399,
                51640135330494086
            ],
            "Compiled Times": 9,
            "child_modules": {},
            "end_perf": [
                0.35205197334289551,
                0.110344,
                0.070125000000000007,
                278072,
                289164,
                51640135368657082,
                8589934594,
                0
            ],
            "svclass": [
                "$vcs_nba_dyn_obj",
                0,
                35,
                2,
                2,
                0,
                "sigprop$$",
                0,
                35,
                2,
                2,
                0,
                "process",
                0,
                200,
                8,
                8,
                0,
                "event",
                0,
                34,
                2,
                2,
                0,
                "mailbox",
                0,
                140,
                9,
                9,
                0,
                "semaphore",
                0,
                84,
                5,
                5,
                0
            ],
            "nQuads": 218,
            "nMops": 528,
            "nRouts": 33
        }
    },
    "ObjArchives": [
        {
            "size": 131946,
            "archive": "archive.8/_201327_archive_1.a",
            "objects": [
                [
                    "g7hgQ_d.o",
                    30818
                ],
                [
                    "amcQwB.o",
                    101128
                ]
            ]
        }
    ],
    "CompUnits": {
        "g7hgQ_d": {
            "mode": 4,
            "mod": "tb",
            "out": "g7hgQ_d.o",
            "bytes": 30818,
            "checksum": 0,
            "text": 13156,
            "archive": "archive.8/_201327_archive_1.a"
        }
    },
    "reusePaths": {
        "amcQw_d": {
            "icPath": "csrc"
        },
        "reYIK_d": {
            "icPath": "csrc"
        }
    },
    "stat": {
        "ru_self_end": {
            "ru_utime_sec": 0.137096,
            "ru_majflt": 0,
            "ru_stime_sec": 0.073949000000000001,
            "ru_maxrss_kb": 81092,
            "ru_minflt": 27280,
            "ru_nvcsw": 402,
            "ru_nivcsw": 43
        },
        "ru_childs_end": {
            "ru_utime_sec": 0.032399999999999998,
            "ru_majflt": 0,
            "ru_stime_sec": 0.033244999999999997,
            "ru_maxrss_kb": 24836,
            "ru_minflt": 7171,
            "ru_nvcsw": 57,
            "ru_nivcsw": 9
        },
        "cpu_cycles_end": 51640135508424606,
        "peak_mem_kb": 289164
    }
}